<?xml version="1.0" encoding="UTF-8"?>
<DEFECTS>
<OACRDEFECTCOUNT>3</OACRDEFECTCOUNT>
<OACRERRORCOUNT>0</OACRERRORCOUNT>
<DEFECT _seq="1"><SFA><LINE>117</LINE><COLUMN>4</COLUMN><FILENAME>disablepatchguard.c</FILENAME><FILEPATH>d:\gameprotectfuzzer\x64pg\</FILEPATH></SFA><DEFECTCODE>28155</DEFECTCODE><DESCRIPTION>The function being assigned or passed should be a KDEFERRED_ROUTINE function:  Add the declaration 'KDEFERRED_ROUTINE PgTempDpc;' before the current first declaration of PgTempDpc.</DESCRIPTION><FUNCTION>OnRtlCaptureContext</FUNCTION><FUNCLINE>68</FUNCLINE><PATH/></DEFECT>
<DEFECT _seq="2"><SFA><LINE>174</LINE><COLUMN>47</COLUMN><FILENAME>disablepatchguard.c</FILENAME><FILEPATH>d:\gameprotectfuzzer\x64pg\</FILEPATH></SFA><DEFECTCODE>28159</DEFECTCODE><DESCRIPTION>Consider using 'ExAllocatePoolWithTag' instead of 'ExAllocatePool'. Reason: No tag interferes with debugging..</DESCRIPTION><FUNCTION>DisablePatchProtectionSystemThreadRoutine</FUNCTION><FUNCLINE>155</FUNCLINE><PATH/></DEFECT>
<DEFECT _seq="3"><SFA><LINE>214</LINE><COLUMN>2</COLUMN><FILENAME>disablepatchguard.c</FILENAME><FILEPATH>d:\gameprotectfuzzer\x64pg\</FILEPATH></SFA><DEFECTCODE>28155</DEFECTCODE><DESCRIPTION>The function being assigned or passed should be a KSTART_ROUTINE function:  Add the declaration 'KSTART_ROUTINE DisablePatchProtectionSystemThreadRoutine;' before the current first declaration of DisablePatchProtectionSystemThreadRoutine.</DESCRIPTION><FUNCTION>DisablePatchProtection</FUNCTION><FUNCLINE>195</FUNCLINE><PATH/></DEFECT>
</DEFECTS>
