<?xml version="1.0" encoding="UTF-8"?>
<DEFECTS>
<OACRDEFECTCOUNT>5</OACRDEFECTCOUNT>
<OACRERRORCOUNT>0</OACRERRORCOUNT>
<DEFECT _seq="1"><SFA><LINE>27</LINE><COLUMN>19</COLUMN><FILENAME>filelog.c</FILENAME><FILEPATH>d:\gameprotectfuzzer\x64pg\</FILEPATH></SFA><DEFECTCODE>6057</DEFECTCODE><DESCRIPTION>Buffer overrun due to number of characters/number of bytes mismatch in call to '_snwprintf'</DESCRIPTION><FUNCTION>InitDebug</FUNCTION><FUNCLINE>6</FUNCLINE><PATH/></DEFECT>
<DEFECT _seq="2"><SFA><LINE>45</LINE><COLUMN>19</COLUMN><FILENAME>filelog.c</FILENAME><FILEPATH>d:\gameprotectfuzzer\x64pg\</FILEPATH></SFA><DEFECTCODE>6057</DEFECTCODE><DESCRIPTION>Buffer overrun due to number of characters/number of bytes mismatch in call to '_snwprintf'</DESCRIPTION><FUNCTION>InitDebug</FUNCTION><FUNCLINE>6</FUNCLINE><PATH/></DEFECT>
<DEFECT _seq="3"><SFA><LINE>27</LINE><COLUMN>11</COLUMN><FILENAME>filelog.c</FILENAME><FILEPATH>d:\gameprotectfuzzer\x64pg\</FILEPATH></SFA><DEFECTCODE>28719</DEFECTCODE><DESCRIPTION>Banned API Usage:  _snwprintf is a Banned API as listed in dontuse.h for security purposes.</DESCRIPTION><FUNCTION>InitDebug</FUNCTION><FUNCLINE>6</FUNCLINE><PATH/></DEFECT>
<DEFECT _seq="4"><SFA><LINE>45</LINE><COLUMN>11</COLUMN><FILENAME>filelog.c</FILENAME><FILEPATH>d:\gameprotectfuzzer\x64pg\</FILEPATH></SFA><DEFECTCODE>28719</DEFECTCODE><DESCRIPTION>Banned API Usage:  _snwprintf is a Banned API as listed in dontuse.h for security purposes.</DESCRIPTION><FUNCTION>InitDebug</FUNCTION><FUNCLINE>6</FUNCLINE><PATH/></DEFECT>
<DEFECT _seq="5"><SFA><LINE>77</LINE><COLUMN>18</COLUMN><FILENAME>filelog.c</FILENAME><FILEPATH>d:\gameprotectfuzzer\x64pg\</FILEPATH></SFA><DEFECTCODE>28719</DEFECTCODE><DESCRIPTION>Banned API Usage:  _vsnprintf is a Banned API as listed in dontuse.h for security purposes.</DESCRIPTION><FUNCTION>LogDebug</FUNCTION><FUNCLINE>69</FUNCLINE><PATH/></DEFECT>
</DEFECTS>
