<?xml version="1.0" encoding="UTF-8"?>
<DEFECTS>
<OACRDEFECTCOUNT>7</OACRDEFECTCOUNT>
<OACRERRORCOUNT>0</OACRERRORCOUNT>
<DEFECT _seq="1"><SFA><LINE>111</LINE><COLUMN>11</COLUMN><FILENAME>main.c</FILENAME><FILEPATH>d:\gameprotectfuzzer\x64pg\</FILEPATH></SFA><DEFECTCODE>28159</DEFECTCODE><DESCRIPTION>Consider using 'error logging or driver shutdown' instead of 'KeBugCheck'. Reason: Whenever possible, all kernel-mode components should log an error and continue to run, rather than calling KeBugCheck.</DESCRIPTION><FUNCTION>DrvEnd</FUNCTION><FUNCLINE>109</FUNCLINE><PATH/></DEFECT>
<DEFECT _seq="2"><SFA><LINE>136</LINE><COLUMN>1</COLUMN><FILENAME>main.c</FILENAME><FILEPATH>d:\gameprotectfuzzer\x64pg\</FILEPATH></SFA><DEFECTCODE>28101</DEFECTCODE><DESCRIPTION>The Drivers module has inferred that the current function is a DRIVER_INITIALIZE function:  This is informational only. No problem has been detected.</DESCRIPTION><FUNCTION>DriverEntry</FUNCTION><FUNCLINE>136</FUNCLINE><PATH/></DEFECT>
<DEFECT _seq="3"><SFA><LINE>179</LINE><COLUMN>43</COLUMN><FILENAME>main.c</FILENAME><FILEPATH>d:\gameprotectfuzzer\x64pg\</FILEPATH></SFA><DEFECTCODE>28169</DEFECTCODE><DESCRIPTION>The dispatch function 'CreateClose' does not have any __drv_dispatchType annotations:  This can be corrected by adding appropriate __drv_dispatchType annotations to the function. Unnecessary casts can cause this warning.</DESCRIPTION><FUNCTION>DriverEntry</FUNCTION><FUNCLINE>136</FUNCLINE><PATH/></DEFECT>
<DEFECT _seq="4"><SFA><LINE>180</LINE><COLUMN>52</COLUMN><FILENAME>main.c</FILENAME><FILEPATH>d:\gameprotectfuzzer\x64pg\</FILEPATH></SFA><DEFECTCODE>28169</DEFECTCODE><DESCRIPTION>The dispatch function 'DeviceControl' does not have any __drv_dispatchType annotations:  This can be corrected by adding appropriate __drv_dispatchType annotations to the function. Unnecessary casts can cause this warning.</DESCRIPTION><FUNCTION>DriverEntry</FUNCTION><FUNCLINE>136</FUNCLINE><PATH/></DEFECT>
<DEFECT _seq="5"><SFA><LINE>190</LINE><COLUMN>13</COLUMN><FILENAME>main.c</FILENAME><FILEPATH>d:\gameprotectfuzzer\x64pg\</FILEPATH></SFA><DEFECTCODE>28159</DEFECTCODE><DESCRIPTION>Consider using 'error logging or driver shutdown' instead of 'KeBugCheck'. Reason: Whenever possible, all kernel-mode components should log an error and continue to run, rather than calling KeBugCheck.</DESCRIPTION><FUNCTION>DriverEntry</FUNCTION><FUNCLINE>136</FUNCLINE><PATH/></DEFECT>
<DEFECT _seq="6"><SFA><LINE>179</LINE><COLUMN>43</COLUMN><FILENAME>main.c</FILENAME><FILEPATH>d:\gameprotectfuzzer\x64pg\</FILEPATH></SFA><DEFECTCODE>28155</DEFECTCODE><DESCRIPTION>The function being assigned or passed should be a DRIVER_DISPATCH function:  Add the declaration 'DRIVER_DISPATCH CreateClose;' before the current first declaration of CreateClose.</DESCRIPTION><FUNCTION>DriverEntry</FUNCTION><FUNCLINE>136</FUNCLINE><PATH/></DEFECT>
<DEFECT _seq="7"><SFA><LINE>180</LINE><COLUMN>52</COLUMN><FILENAME>main.c</FILENAME><FILEPATH>d:\gameprotectfuzzer\x64pg\</FILEPATH></SFA><DEFECTCODE>28155</DEFECTCODE><DESCRIPTION>The function being assigned or passed should be a DRIVER_DISPATCH function:  Add the declaration 'DRIVER_DISPATCH DeviceControl;' before the current first declaration of DeviceControl.</DESCRIPTION><FUNCTION>DriverEntry</FUNCTION><FUNCLINE>136</FUNCLINE><PATH/></DEFECT>
</DEFECTS>
