<?xml version="1.0" encoding="UTF-8"?>
<DEFECTS>
<OACRDEFECTCOUNT>2</OACRDEFECTCOUNT>
<OACRERRORCOUNT>0</OACRERRORCOUNT>
<DEFECT _seq="1"><SFA><LINE>96</LINE><COLUMN>6</COLUMN><FILENAME>x64detour.c</FILENAME><FILEPATH>d:\gameprotectfuzzer\x64pg\</FILEPATH></SFA><DEFECTCODE>28167</DEFECTCODE><DESCRIPTION>The function 'WPOFFx64' changes the IRQL and does not restore the IRQL before it exits. It should be annotated to reflect the change or the IRQL should be restored. IRQL was last set to 2 at line 98.</DESCRIPTION><FUNCTION>WPOFFx64</FUNCTION><FUNCLINE>96</FUNCLINE><PATH><SFA><LINE>98</LINE><COLUMN>7</COLUMN><FILENAME>x64detour.c</FILENAME><FILEPATH>d:\gameprotectfuzzer\x64pg\</FILEPATH></SFA><SFA><LINE>99</LINE><COLUMN>8</COLUMN><FILENAME>x64detour.c</FILENAME><FILEPATH>d:\gameprotectfuzzer\x64pg\</FILEPATH></SFA><SFA><LINE>100</LINE><COLUMN>5</COLUMN><FILENAME>x64detour.c</FILENAME><FILEPATH>d:\gameprotectfuzzer\x64pg\</FILEPATH></SFA><SFA><LINE>101</LINE><COLUMN>11</COLUMN><FILENAME>x64detour.c</FILENAME><FILEPATH>d:\gameprotectfuzzer\x64pg\</FILEPATH></SFA><SFA><LINE>102</LINE><COLUMN>9</COLUMN><FILENAME>x64detour.c</FILENAME><FILEPATH>d:\gameprotectfuzzer\x64pg\</FILEPATH></SFA><SFA><LINE>103</LINE><COLUMN>1</COLUMN><FILENAME>x64detour.c</FILENAME><FILEPATH>d:\gameprotectfuzzer\x64pg\</FILEPATH></SFA></PATH></DEFECT>
<DEFECT _seq="2"><SFA><LINE>106</LINE><COLUMN>5</COLUMN><FILENAME>x64detour.c</FILENAME><FILEPATH>d:\gameprotectfuzzer\x64pg\</FILEPATH></SFA><DEFECTCODE>28167</DEFECTCODE><DESCRIPTION>The function 'WPONx64' changes the IRQL and does not restore the IRQL before it exits. It should be annotated to reflect the change or the IRQL should be restored. IRQL was last set at line 112.</DESCRIPTION><FUNCTION>WPONx64</FUNCTION><FUNCLINE>106</FUNCLINE><PATH><SFA><LINE>108</LINE><COLUMN>8</COLUMN><FILENAME>x64detour.c</FILENAME><FILEPATH>d:\gameprotectfuzzer\x64pg\</FILEPATH></SFA><SFA><LINE>109</LINE><COLUMN>5</COLUMN><FILENAME>x64detour.c</FILENAME><FILEPATH>d:\gameprotectfuzzer\x64pg\</FILEPATH></SFA><SFA><LINE>110</LINE><COLUMN>8</COLUMN><FILENAME>x64detour.c</FILENAME><FILEPATH>d:\gameprotectfuzzer\x64pg\</FILEPATH></SFA><SFA><LINE>111</LINE><COLUMN>11</COLUMN><FILENAME>x64detour.c</FILENAME><FILEPATH>d:\gameprotectfuzzer\x64pg\</FILEPATH></SFA><SFA><LINE>112</LINE><COLUMN>12</COLUMN><FILENAME>x64detour.c</FILENAME><FILEPATH>d:\gameprotectfuzzer\x64pg\</FILEPATH></SFA></PATH></DEFECT>
</DEFECTS>
