<?xml version="1.0" encoding="UTF-8"?>
<DEFECTS>
<OACRDEFECTCOUNT>5</OACRDEFECTCOUNT>
<OACRERRORCOUNT>0</OACRERRORCOUNT>
<DEFECT _seq="1"><SFA><LINE>39</LINE><COLUMN>25</COLUMN><FILENAME>x64tools.c</FILENAME><FILEPATH>d:\gameprotectfuzzer\x64pg\</FILEPATH></SFA><DEFECTCODE>28159</DEFECTCODE><DESCRIPTION>Consider using 'ExAllocatePoolWithTag' instead of 'ExAllocatePool'. Reason: No tag interferes with debugging..</DESCRIPTION><FUNCTION>GetXFN</FUNCTION><FUNCLINE>36</FUNCLINE><PATH/></DEFECT>
<DEFECT _seq="2"><SFA><LINE>120</LINE><COLUMN>64</COLUMN><FILENAME>x64tools.c</FILENAME><FILEPATH>d:\gameprotectfuzzer\x64pg\</FILEPATH></SFA><DEFECTCODE>28159</DEFECTCODE><DESCRIPTION>Consider using 'ExAllocatePoolWithTag' instead of 'ExAllocatePool'. Reason: No tag interferes with debugging..</DESCRIPTION><FUNCTION>RegQueryValueKey</FUNCTION><FUNCLINE>92</FUNCLINE><PATH/></DEFECT>
<DEFECT _seq="3"><SFA><LINE>141</LINE><COLUMN>32</COLUMN><FILENAME>x64tools.c</FILENAME><FILEPATH>d:\gameprotectfuzzer\x64pg\</FILEPATH></SFA><DEFECTCODE>28159</DEFECTCODE><DESCRIPTION>Consider using 'ExAllocatePoolWithTag' instead of 'ExAllocatePool'. Reason: No tag interferes with debugging..</DESCRIPTION><FUNCTION>RegQueryValueKey</FUNCTION><FUNCLINE>92</FUNCLINE><PATH/></DEFECT>
<DEFECT _seq="4"><SFA><LINE>270</LINE><COLUMN>25</COLUMN><FILENAME>x64tools.c</FILENAME><FILEPATH>d:\gameprotectfuzzer\x64pg\</FILEPATH></SFA><DEFECTCODE>28159</DEFECTCODE><DESCRIPTION>Consider using 'ExAllocatePoolWithTag' instead of 'ExAllocatePool'. Reason: No tag interferes with debugging..</DESCRIPTION><FUNCTION>KCopyFile</FUNCTION><FUNCLINE>205</FUNCLINE><PATH/></DEFECT>
<DEFECT _seq="5"><SFA><LINE>420</LINE><COLUMN>27</COLUMN><FILENAME>x64tools.c</FILENAME><FILEPATH>d:\gameprotectfuzzer\x64pg\</FILEPATH></SFA><DEFECTCODE>28159</DEFECTCODE><DESCRIPTION>Consider using 'ExAllocatePoolWithTag' instead of 'ExAllocatePool'. Reason: No tag interferes with debugging..</DESCRIPTION><FUNCTION>LoadAndReadFile</FUNCTION><FUNCLINE>364</FUNCLINE><PATH/></DEFECT>
</DEFECTS>
